target_chainseq	templates_alignfile	targetid	model_2_ptm_plddt	model_2_ptm_pae	model_2_ptm_plddt_0	model_2_ptm_pae_0_0	model_2_ptm_pae_0_1	model_2_ptm_pae_0_2	model_2_ptm_plddt_1	model_2_ptm_pae_1_0	model_2_ptm_pae_1_1	model_2_ptm_pae_1_2	model_2_ptm_plddt_2	model_2_ptm_pae_2_0	model_2_ptm_pae_2_1	model_2_ptm_pae_2_2
DHVASYGVNLYQSYGPSGQYSHEFDGDEEFYVDLERKETVWQLPLFRRFRRFDPQFALTNIAVLKHNLNIVIKRSNSTA/FVYQFKGMCYFTNGTERVRLVTRYIYNREEYARFDSDVGVYRAVTPLGPPAAEYWNSQKEVLERTRAELDTVCRHNYQLELRTTLQRR/KEDIEIIPIQEEEY	proteinmpnn_test_binder_nonbinder/out/alignment/183p_with_pep.tsv	183p/183p	93.85562237438435	3.757140636444092	92.2109651613377	3.8716375827789307	4.78005313873291	4.4499311447143555	95.9786289272894	3.313405752182007	2.5644431114196777	2.9741244316101074	89.79157545831595	5.783175945281982	5.706611156463623	4.018020153045654
DHVASYGVNLYQSYGPSGQYSHEFDGDEEFYVDLERKETVWQLPLFRRFRRFDPQFALTNIAVLKHNLNIVIKRSNSTA/FVYQFKGMCYFTNGTERVRLVTRYIYNREEYARFDSDVGVYRAVTPLGPPAAEYWNSQKEVLERTRAELDTVCRHNYQLELRTTLQRR/GKWYLKAMTADQEVPE	proteinmpnn_test_binder_nonbinder/out/alignment/400p_with_pep.tsv	400p/400p	95.40106040753963	3.3073906898498535	95.24572293800806	2.921050786972046	3.6396591663360596	3.720716953277588	96.97911779662594	2.920269727706909	2.301517963409424	3.029019355773926	87.48872352337702	7.020473957061768	7.037390232086182	5.28502893447876
DHVASYGVNLYQSYGPSGQYSHEFDGDEEFYVDLERKETVWQLPLFRRFRRFDPQFALTNIAVLKHNLNIVIKRSNSTA/FVYQFKAMCYFTNGTERVRYVTRYIYNREEYARFDSDVEVYRAVTPLGPPDAEYWNSQKEVLERTRAELDTVCRHNYQLELRTTLQRR/GAVFLGFLGAAGSTMG	proteinmpnn_test_binder_nonbinder/out/alignment/316p_with_pep.tsv	316p/316p	93.67050157925195	3.709752082824707	93.90433744059834	3.1580567359924316	4.0207839012146	4.041536331176758	94.84543117894147	3.5298447608947754	2.8342554569244385	3.5175344944000244	86.05382421556149	6.993032932281494	6.993029594421387	5.232194900512695
DHVASYGVNLYQSYGPSGQYSHEFDGDEEFYVDLERKETVWQLPLFRRFRRFDPQFALTNIAVLKHNLNIVIKRSNSTA/FVYQFKGMCYFTNGTERVRLVTRYIYNREEYARFDSDVGVYRAVTPLGPPAAEYWNSQKEVLERTRAELDTVCRHNYQLELRTTLQRR/EEDIEIIPIQEEEY	proteinmpnn_test_binder_nonbinder/out/alignment/353p_with_pep.tsv	353p/353p	94.79115038472625	3.466371774673462	94.03697497798761	3.318814754486084	4.141478538513184	3.8926076889038086	96.17012008120004	3.2177844047546387	2.540398120880127	2.97735595703125	90.37904494491639	5.703393936157227	5.640991687774658	3.9982779026031494
